,Date,Close,Volume ETH,Volume USD,Sentiment_total,Sentiment_component,Change
0,2017/11/12,306.1,42966.15,13223335.41,3.011461386,4.2511,0
1,2017/11/13,316.14,36613.520000000004,11517856.289999997,1.719204332,2.5494,1
2,2017/11/14,335.54,48769.57,16066296.009999996,11.291052847,20.495299999999997,1
3,2017/11/15,331.88,27052.559999999998,9039874.860000001,8.664230067,14.4625,-1
4,2017/11/16,329.91,34360.469999999994,11257762.020000003,5.743496647,9.1892,-1
5,2017/11/17,331.25,24845.14,8208502.569999998,8.937608344,14.9728,1
6,2017/11/18,346.96,26074.429999999997,8763543.7,5.072237755,7.1655,1
7,2017/11/19,354.48,32139.69,11451663.979999999,2.399579249,3.6936,1
8,2017/11/20,366.0,28170.71,10193832.46,2.267040131,2.1464,1
9,2017/11/21,359.6,51067.57,18500330.43,8.738444323,14.076699999999999,-1
10,2017/11/22,380.88,34942.530000000006,12961685.46,6.172010444,9.260699999999998,1
11,2017/11/23,406.75,77408.69,31247094.120000005,5.166455162,6.717100000000001,1
12,2017/11/24,471.17,84954.01999999999,36850995.88,2.901223405000001,6.4956000000000005,1
13,2017/11/25,463.0,31084.15,14484869.279999997,1.071087786,1.5385000000000004,-1
14,2017/11/26,467.0,29143.13,13208221.599999998,7.907868907000001,11.8025,1
15,2017/11/27,474.67,53900.58,25539860.53,1.999842876,3.5664,1
16,2017/11/28,464.95,49678.03999999999,23218695.689999998,2.396963984,3.4872,-1
17,2017/11/29,423.9,116769.93000000001,54776310.05,7.444525979000002,13.450499999999998,-1
18,2017/11/30,435.09,59144.69000000001,24829664.380000003,6.966257537000001,9.8316,1
19,2017/12/01,460.3,30626.86,13628268.370000003,7.351085212999999,13.607899999999999,1
20,2017/12/02,456.04,23203.06,10679948.950000001,5.437064982000001,7.880800000000001,-1
21,2017/12/03,463.0,33041.939999999995,15385296.15,6.287816712,10.494900000000001,1
22,2017/12/04,467.83,31067.35,14339920.119999997,7.325828523999998,14.999199999999998,1
23,2017/12/05,455.76,22812.009999999995,10475929.729999999,4.406385619,5.711100000000001,-1
24,2017/12/06,415.83,50979.91999999999,22125585.000000004,3.6575241729999997,6.0631,-1
25,2017/12/07,411.03,48889.810000000005,20297020.1,1.5042680849999996,1.8999999999999995,-1
26,2017/12/08,440.27,58296.61999999999,25139946.87999999,2.937342687,4.5314000000000005,1
27,2017/12/09,456.38,48252.92999999999,22439454.299999997,-0.924791801,-0.565,1
28,2017/12/10,425.07,29510.030000000006,12703843.47,3.691855271,3.6632,-1
29,2017/12/11,503.47,44543.45,20712267.87,2.699193939,5.430000000000001,1
30,2017/12/12,620.59,95283.0,53634930.74,15.483280049,26.18060000000001,1
31,2017/12/13,694.5,127713.17,85319760.45,16.621670851,31.561200000000007,1
32,2017/12/14,689.69,89396.18000000001,62301015.19,26.878842389,80.7833,-1
33,2017/12/15,676.36,54771.22000000001,36087695.60999999,8.706798661999999,14.5211,-1
34,2017/12/16,684.0,23905.709999999995,16434500.569999998,8.532512112,16.8997,1
35,2017/12/17,706.91,27771.4,19664123.79,5.929647918,9.971699999999998,1
36,2017/12/18,787.28,57460.08000000001,42506114.150000006,7.856475361999999,11.6948,1
37,2017/12/19,817.72,87098.14000000001,71504353.38000001,12.849977719999998,24.4717,1
38,2017/12/20,797.1,81483.01000000001,64005220.27,5.599982800000001,8.5149,-1
39,2017/12/21,783.8,75451.39,60484270.36000001,-0.4587731610000001,-1.8673000000000002,-1
40,2017/12/22,669.36,164428.19,104608927.32999998,11.15878743,18.3885,-1
41,2017/12/23,699.86,40879.12000000001,29124563.920000006,12.829247974000003,27.2822,1
42,2017/12/24,686.96,45120.399999999994,29335293.77,9.415856159,15.455000000000002,-1
43,2017/12/25,724.0,42706.04000000001,30624272.740000006,4.258311303,7.1038999999999985,1
44,2017/12/26,751.09,24164.559999999994,17964660.209999997,8.828713817000002,15.037099999999999,1
45,2017/12/27,738.78,53760.87,39840501.43000001,7.5537369660000016,11.5303,-1
46,2017/12/28,717.23,40099.340000000004,28006548.759999998,7.5880585069999995,13.803900000000002,-1
47,2017/12/29,732.67,44816.82999999999,32932640.290000003,1.3590522020000002,6.680200000000002,1
48,2017/12/30,698.46,59596.880000000005,41619597.02,15.675442785999998,43.7629,-1
49,2017/12/31,743.48,24771.980000000003,17864222.880000003,3.9111857299999997,6.3634,1
50,2018/01/01,752.78,29181.950000000004,21811639.34,18.509203571000004,34.50940000000001,1
51,2018/01/02,858.6,67628.48,57231450.98,4.284712455,6.985900000000001,1
52,2018/01/03,940.4,57117.21,50614980.7,6.445253141,11.341700000000001,1
53,2018/01/04,940.0,77160.74,73312586.85,2.6008632540000005,3.9457000000000004,-1
54,2018/01/05,966.0,52023.530000000006,50807581.43,3.8658900210000002,9.736100000000002,1
55,2018/01/06,1004.27,29967.350000000006,29708300.520000003,-1.6151991360000002,-3.5457000000000005,1
56,2018/01/07,1117.96,47293.090000000004,50605502.370000005,5.369963194,9.5719,1
57,2018/01/08,1130.0,109477.59,123173201.94000001,7.239112659000001,13.3575,1
58,2018/01/09,1287.47,102885.38,123662002.05000001,19.261222894000007,44.8936,1
59,2018/01/10,1240.48,96347.50000000001,125834355.08999997,10.132617681,18.6357,-1
60,2018/01/11,1135.0,95639.79000000001,114736730.71,8.521935099,13.1653,-1
61,2018/01/12,1258.68,46451.200000000004,56579737.769999996,11.796509305,20.220700000000004,1
62,2018/01/13,1384.78,41803.42000000001,56577725.28,7.018655272,11.503299999999998,1
63,2018/01/14,1359.59,35328.21,46817527.91,8.932874673,16.207700000000003,-1
64,2018/01/15,1276.71,33997.670000000006,44691560.25999998,9.293888385999999,13.853699999999998,-1
65,2018/01/16,1057.88,127923.05999999998,136634452.92000002,6.482186072000001,14.689800000000002,-1
66,2018/01/17,1029.22,179199.98,162181963.95,6.946806930999999,11.150000000000002,-1
67,2018/01/18,1024.69,96056.34,99181551.36999997,12.284422622,23.013600000000004,-1
68,2018/01/19,1036.03,49838.57,51792512.239999995,7.001213798000002,14.4981,1
69,2018/01/20,1150.0,31922.409999999996,35856520.989999995,4.742051265,9.8612,1
70,2018/01/21,1049.09,37050.56,39711684.019999996,6.034424742,8.7141,-1
71,2018/01/22,997.21,48389.74999999999,48078073.67000001,7.807446766999999,13.036500000000002,-1
72,2018/01/23,983.7,61938.04000000001,60151552.3,6.656344921999999,12.27,-1
73,2018/01/24,1065.0,44493.759999999995,45222578.84000001,10.262942335999997,16.0148,1
74,2018/01/25,1050.0,62196.22000000001,65357176.25,27.206956847,120.37189999999998,-1
75,2018/01/26,1051.81,39359.64000000001,40473858.669999994,8.517177883,14.699399999999999,1
76,2018/01/27,1115.51,29317.960000000003,31570026.11,15.119472811999998,25.2071,1
77,2018/01/28,1229.41,29175.42,34733431.78,10.829702078999999,21.2874,1
78,2018/01/29,1168.0,40475.92,47712758.080000006,11.093781403000001,17.532799999999998,-1
79,2018/01/30,1051.54,61847.16,68310979.31,2.966975154,5.9572,-1
80,2018/01/31,1110.14,34149.47,36823923.26,3.0186117130000003,4.3485,1
81,2018/02/01,1022.08,92033.55999999998,97420345.0,-0.625008148,-0.41099999999999964,-1
82,2018/02/02,918.39,184904.24,163787521.58999997,2.309688714,3.5946999999999996,-1
83,2018/02/03,969.93,27592.499999999996,25845614.43,1.627408472,2.7860000000000005,1
84,2018/02/04,826.51,37124.18,32212587.339999996,3.455589112,4.7158,-1
85,2018/02/05,692.36,128779.92,93646186.50999999,12.406240885,17.795700000000004,-1
86,2018/02/06,784.01,157935.76,105635084.42999996,1.87954488,4.2592,1
87,2018/02/07,752.89,75081.12999999999,59979215.089999996,1.7178341959999999,1.8014999999999997,-1
88,2018/02/08,812.01,40467.32,32767068.70999999,13.067498833999997,24.3287,1
89,2018/02/09,875.1,40273.37,33440757.530000005,8.234963309,16.2083,1
90,2018/02/10,851.83,32319.239999999998,28159024.5,8.608570041,24.204700000000006,-1
91,2018/02/11,809.69,25362.869999999995,20574387.380000003,9.749188918,21.962900000000005,-1
92,2018/02/12,865.57,23687.08,20236422.84,8.89533445,14.3593,1
93,2018/02/13,841.82,24840.280000000002,20852550.01,7.8192613720000015,11.369000000000002,-1
94,2018/02/14,922.98,43648.24,38820006.60000001,5.514789696,7.4404,1
95,2018/02/15,927.91,41358.47000000001,38469448.43,12.876759528,26.449099999999994,1
96,2018/02/16,940.0,23773.47,22105688.980000004,11.085490647,15.4498,1
97,2018/02/17,977.74,20558.739999999998,19769580.42,4.128639086,8.507399999999999,1
98,2018/02/18,912.85,28492.240000000005,26674431.17,1.9333045770000001,2.1661,-1
99,2018/02/19,938.05,14832.72,13910821.949999997,4.862397884,6.9479999999999995,1
100,2018/02/20,884.24,25435.78,23414826.749999996,5.999808272000001,8.1586,-1
101,2018/02/21,837.98,34498.700000000004,29817820.24,9.631854789000002,19.533999999999995,-1
102,2018/02/22,803.57,26905.02999999999,22123158.69,3.220836503,3.3993999999999995,-1
103,2018/02/23,851.98,20669.2,17425267.710000005,5.184644199999999,7.1141,1
104,2018/02/24,835.74,11028.250000000002,9240502.179999998,5.295672390000001,8.508700000000001,-1
105,2018/02/25,842.65,8988.88,7497588.319999999,9.388550674,14.731000000000003,1
106,2018/02/26,868.4,15602.999999999998,13426195.190000001,4.514368608000001,8.3546,1
107,2018/02/27,870.32,14061.99,12366980.379999999,11.679233141999998,19.963499999999996,1
108,2018/02/28,850.16,15701.080000000002,13654448.62,8.517666025999999,13.929800000000002,-1
109,2018/03/01,869.01,16063.61,13958089.599999998,0.4684357440000001,3.0303,1
110,2018/03/02,856.08,7584.500000000001,6531494.58,-0.599950859,-1.5905,-1
111,2018/03/03,853.76,5600.739999999999,4812826.279999999,6.211199281000001,11.3738,-1
112,2018/03/04,862.28,5387.94,4585621.87,1.1071495149999997,1.1464000000000003,1
113,2018/03/05,848.0,8662.080000000002,7454520.890000001,5.211783225000001,8.534799999999999,-1
114,2018/03/06,813.09,18233.709999999995,15091451.799999999,6.9263670809999995,10.0016,-1
115,2018/03/07,750.42,41014.68,31186784.87,3.4592489210000004,8.1625,-1
116,2018/03/08,698.06,32177.2,23532982.999999996,6.360352276,9.034899999999999,-1
117,2018/03/09,726.13,53100.0,36217417.21,1.9126154189999998,1.8743,1
118,2018/03/10,682.87,14417.590000000004,10386109.790000003,6.005149879,9.470199999999998,-1
119,2018/03/11,720.38,17188.69,12033021.600000001,1.573387926,3.0398,1
120,2018/03/12,695.5,25022.0,17746205.669999998,2.448972353,4.2463,-1
121,2018/03/13,690.01,27159.240000000005,18821683.349999998,7.1866826360000005,13.249999999999998,-1
122,2018/03/14,613.07,38834.729999999996,24891541.88,2.8068070069999997,3.9132000000000007,-1
123,2018/03/15,611.02,44547.99999999999,26800176.919999998,4.123395263000001,5.320300000000001,-1
124,2018/03/16,599.87,30596.65,18603170.840000004,1.865106232,2.9819000000000004,-1
125,2018/03/17,550.1,21796.909999999996,12533882.6,0.82991194,1.0324,-1
126,2018/03/18,538.0,79232.2,39669901.87,1.5903640120000002,2.2146999999999997,-1
127,2018/03/19,555.68,50383.280000000006,27164244.820000004,10.912686612000002,16.838100000000004,1
128,2018/03/20,557.41,41228.07000000001,22372593.359999996,5.717852263,8.3537,1
129,2018/03/21,560.52,42065.009999999995,23966692.419999998,4.1008873900000005,8.3294,1
130,2018/03/22,540.12,29000.280000000006,15732431.069999998,6.243848813999999,8.792900000000001,-1
131,2018/03/23,543.03,26831.2,13993919.04,12.607861607000002,26.514800000000005,1
132,2018/03/24,519.99,16223.150000000001,8675984.520000001,5.504974305,5.747400000000002,-1
133,2018/03/25,521.99,13946.27,7274739.210000001,5.8705970050000005,8.8886,1
134,2018/03/26,485.79,46310.08,22767520.740000002,4.597905503,6.5905000000000005,-1
135,2018/03/27,449.41,51374.78,23717562.77,7.373151736,11.719500000000002,-1
136,2018/03/28,446.49,22678.8,10229638.299999999,2.118956662,3.9466,-1
137,2018/03/29,383.07,78007.77999999998,31494020.97,6.674433015,12.764899999999999,-1
138,2018/03/30,393.46,92799.41000000002,35648684.51999999,5.648015963000001,11.521899999999999,1
139,2018/03/31,393.79,37134.68999999999,14961868.069999998,1.3205084610000002,-0.7232000000000006,1
140,2018/04/01,378.0,40341.45000000001,15176213.960000003,13.806744780999999,40.489700000000006,-1
141,2018/04/02,384.47,20485.050000000003,7905826.39,3.5271958120000004,3.6413,1
142,2018/04/03,415.32,31371.19999999999,12665490.719999999,5.665882376,13.562899999999999,1
143,2018/04/04,378.99,31337.190000000002,12129246.250000002,2.690158025,1.3756999999999997,-1
144,2018/04/05,381.05,20729.07,7839973.52,1.5849250389999998,1.4096000000000002,1
145,2018/04/06,370.08,18493.15,6822682.000000001,2.5754267409999994,4.496800000000001,-1
146,2018/04/07,384.66,16412.0,6314152.65,1.052508565,2.5215999999999994,1
147,2018/04/08,400.23,11317.660000000003,4510027.18,4.159285721,4.985499999999999,1
148,2018/04/09,399.0,26518.260000000002,10794949.100000001,7.453696724,17.794600000000003,-1
149,2018/04/10,415.65,25139.02,10097890.089999998,4.078509116,5.7572,1
150,2018/04/11,430.0,21763.270000000004,9172418.469999999,8.130541911,13.846399999999997,1
151,2018/04/12,494.31,48431.850000000006,21989054.68,15.079005739,33.70259999999999,1
152,2018/04/13,495.95,57808.75,29380218.17000001,2.635006249,4.242,1
153,2018/04/14,503.41,18199.920000000006,9141352.020000003,-0.27626717,-0.3182,1
154,2018/04/15,533.83,29650.65,15424854.360000001,8.936265035000002,16.517699999999998,1
155,2018/04/16,510.57,28988.800000000003,14877297.5,3.691917842,5.5138,-1
156,2018/04/17,502.8,22085.4,11248019.959999999,2.908305325,3.9157,-1
157,2018/04/18,525.2,23073.940000000006,11868079.69,2.395435845,3.6028,1
158,2018/04/19,566.46,31732.089999999997,17262758.56,5.126991119,8.2957,1
159,2018/04/20,617.7,52187.08,30625886.340000004,4.868935166999999,8.0896,1
160,2018/04/21,604.85,36398.740000000005,21864943.78000001,3.395543671,4.7722,-1
161,2018/04/22,621.5,30537.820000000003,18983954.770000003,2.9878280729999993,4.4138,1
162,2018/04/23,643.77,24226.750000000004,15454599.32,3.697363203,5.7749,1
163,2018/04/24,703.71,54671.080000000016,37658711.99000001,17.237860304,33.605399999999996,1
164,2018/04/25,617.02,112502.46000000002,71898152.10999998,10.424379103,18.7701,-1
165,2018/04/26,660.95,49649.51,31048589.409999996,6.038635718,10.2548,1
166,2018/04/27,642.54,29571.04,19744517.7,8.521858912,13.485500000000002,-1
167,2018/04/28,683.38,24553.190000000006,16696443.290000003,0.28176523600000003,0.8755000000000003,1
168,2018/04/29,689.23,22215.960000000003,15200757.020000001,3.501932934,5.1985,1
169,2018/04/30,669.98,23810.059999999994,16215129.929999996,0.8756287570000001,1.2913999999999999,-1
170,2018/05/01,669.86,36528.649999999994,23786117.670000006,1.9024794039999997,3.5837999999999997,-1
171,2018/05/02,687.29,27719.030000000002,18812632.04,2.9244460240000003,3.9506000000000006,1
172,2018/05/03,776.92,54001.96000000001,39662583.1,-0.453887016,-0.6111,1
173,2018/05/04,782.47,30244.080000000005,23710094.630000006,9.725532367,15.979,1
174,2018/05/05,815.45,16170.23,13099107.049999997,7.754901978000001,12.530299999999999,1
175,2018/05/06,787.42,30945.170000000002,24207174.389999997,2.995488561,7.423899999999999,-1
176,2018/05/07,751.18,53733.479999999996,39231856.76,1.228264942,0.9223000000000002,-1
177,2018/05/08,747.92,37843.37000000001,28009168.24,4.815582686,7.2170000000000005,-1
178,2018/05/09,749.58,35051.920000000006,25752685.439999998,9.301921024,16.438000000000002,1
179,2018/05/10,723.6,29806.87,22330339.480000004,8.785929959,14.819200000000002,-1
180,2018/05/11,677.26,50671.76,35055783.87,3.135887542,6.172100000000001,-1
181,2018/05/12,683.99,31181.090000000004,20717889.96,1.7802449340000002,3.02,1
182,2018/05/13,730.06,31210.29,21960407.93,-0.5636078840000002,-1.6926000000000003,1
183,2018/05/14,727.62,43957.95,31490190.080000006,3.789128385,6.171,-1
184,2018/05/15,707.38,30116.82,21824205.77,2.196188629,2.5689,-1
185,2018/05/16,706.88,24194.5,16797410.799999997,5.3626689,7.0331,-1
186,2018/05/17,669.04,35431.72,24678761.590000004,2.417157593999999,4.6442000000000005,-1
187,2018/05/18,692.54,23002.33,15531259.309999999,5.704146698999999,9.5828,1
188,2018/05/19,695.88,12333.3,8619183.389999999,4.231957447,6.117900000000001,1
189,2018/05/20,716.0,10793.909999999996,7692574.169999999,0.3529780400000004,-0.2108000000000001,1
190,2018/05/21,696.43,13978.099999999999,9859494.909999998,0.482104697,0.7448,-1
191,2018/05/22,640.86,30230.0,20371982.910000004,4.463325399,6.306300000000001,-1
192,2018/05/23,576.84,67508.31,40520621.620000005,20.186965218,57.17950000000001,-1
193,2018/05/24,601.76,42744.26,24892035.29,0.23610172099999988,1.6277,1
194,2018/05/25,584.99,22893.399999999998,13595197.950000001,4.531964425,5.429200000000001,-1
195,2018/05/26,585.65,9028.89,5360504.55,1.4533425259999997,3.6448,1
196,2018/05/27,571.39,11946.280000000002,6859871.729999999,-0.0679714070000001,-0.2118,-1
197,2018/05/28,512.23,22259.10000000001,11912155.030000003,0.4612599089999999,1.0561,-1
198,2018/05/29,566.99,35847.36,19319909.049999997,4.562909232,8.1085,1
199,2018/05/30,556.82,34053.02,19104926.909999996,0.5373746490000002,1.7642999999999995,-1
200,2018/05/31,576.85,32196.399999999994,18470465.660000008,0.990205727,0.4019,1
201,2018/06/01,578.96,22076.53,12727204.530000003,-6.96674406,-10.080400000000001,1
202,2018/06/02,591.0,15555.639999999998,9150290.07,6.162252342,7.135500000000001,1
203,2018/06/03,619.59,10974.659999999998,6732722.23,2.2142786389999998,4.3977,1
204,2018/06/04,590.0,21461.18,12913293.829999998,3.6959655170000003,3.6393999999999997,-1
205,2018/06/05,607.53,36158.03999999999,21501507.330000006,5.565850734,9.350400000000002,1
206,2018/06/06,606.39,21138.66,12741072.019999998,8.747475134999998,17.077099999999998,-1
207,2018/06/07,604.05,21291.010000000002,12941701.38,3.3160393499999996,4.0177000000000005,-1
208,2018/06/08,599.88,13892.63,8341791.849999999,7.792744301999999,14.060599999999999,-1
209,2018/06/09,593.88,4135.679999999999,2488952.92,2.6264994580000005,4.819399999999999,-1
210,2018/06/10,526.28,40970.51999999999,22399874.5,1.9407372140000003,2.6815,-1
211,2018/06/11,530.57,28129.919999999995,14722723.74,0.0,0.0,1
212,2018/06/12,494.16,23604.48,12093609.4,1.7210199350000002,2.2943000000000002,-1
213,2018/06/13,475.89,38425.72,18198066.590000004,2.940534008,3.9517,-1
214,2018/06/14,520.57,48837.289999999986,24131512.01,0.40474504899999975,0.5314999999999996,1
215,2018/06/15,488.27,21467.67,10793358.77,5.587993899999998,8.6168,-1
216,2018/06/16,497.84,7986.659999999999,3954540.5500000003,1.9996157510000003,2.5763,1
217,2018/06/17,497.26,11403.09,5738921.47,1.4732347479999999,3.2559,-1
218,2018/06/18,517.04,12730.76,6462798.209999999,0.835681254,2.6166000000000005,1
219,2018/06/19,538.11,16731.89,8903110.43,-0.3864898379999999,-1.9179000000000002,1
220,2018/06/20,536.3,13158.6,6985736.550000001,2.072691442,2.6196,-1
221,2018/06/21,525.27,12803.869999999999,6798779.97,3.2244991910000005,4.2707999999999995,-1
222,2018/06/22,462.86,51972.46000000001,25181790.28,4.436529426999999,6.2904,-1
223,2018/06/23,475.35,7043.56,3319064.040000001,0.7981956619999999,0.9827,1
224,2018/06/24,455.27,26971.209999999995,12011788.160000002,2.066190142,3.0656,-1
225,2018/06/25,458.48,25796.139999999996,11814090.599999998,4.401145681,5.245,1
226,2018/06/26,429.73,23672.18,10591282.68,0.14902093400000005,0.8950000000000001,-1
227,2018/06/27,441.55,19038.21,8210469.39,-0.11234606,-0.1189,1
228,2018/06/28,420.51,11044.7,4768027.540000001,1.8420121520000001,2.7218,-1
229,2018/06/29,434.4,22951.399999999998,9557402.2,3.0027929179999995,4.552199999999999,1
230,2018/06/30,453.84,17994.05,8074383.0600000005,3.2641452830000004,4.006500000000001,1
231,2018/07/01,452.42,11857.35,5362612.819999999,-0.492804209,-0.6369,-1
232,2018/07/02,475.63,26051.770000000004,12095485.009999998,0.0,0.0,1
233,2018/07/03,460.89,16389.22,7733222.43,1.113266194,0.6904,-1
234,2018/07/04,466.99,16081.829999999996,7489591.489999999,2.380644847,3.2907,1
235,2018/07/05,467.98,14252.21,6683988.839999999,8.710082918000001,14.794899999999997,1
236,2018/07/06,469.99,9005.84,4183244.4699999993,2.296570145,3.7127999999999997,1
237,2018/07/07,485.68,7700.48,3650553.9299999997,4.096038356,5.3137,1
238,2018/07/08,485.52,8879.99,4321466.669999999,2.0903302089999998,2.6797999999999997,-1
239,2018/07/09,471.76,12176.460000000001,5831552.39,0.616733328,0.7224,-1
240,2018/07/10,433.24,32529.159999999996,14465722.850000001,3.312053772,7.213,-1
241,2018/07/11,444.34,11055.059999999998,4831248.180000002,3.0429934849999998,2.8379000000000003,1
242,2018/07/12,430.57,13839.749999999998,5933860.07,2.932994866,4.3806,-1
243,2018/07/13,433.43,11426.960000000001,4961020.36,4.79220888,7.421600000000001,1
244,2018/07/14,433.37,3707.6900000000005,1607752.45,0.551065049,0.13569999999999988,-1
245,2018/07/15,449.54,11051.789999999999,4954806.260000001,0.9343106940000001,0.20729999999999987,1
246,2018/07/16,478.0,17599.989999999998,8236863.399999999,3.074691402,5.445599999999999,1
247,2018/07/17,498.9,27583.59,13491675.599999998,1.228480915,3.5414000000000003,1
248,2018/07/18,479.47,17950.880000000005,8827798.18,1.450813497,1.5911,-1
249,2018/07/19,468.58,9223.839999999997,4361604.84,2.555058645,3.4552,-1
250,2018/07/20,447.34,11213.460000000001,5119097.9399999995,1.0285953989999999,1.733,-1
251,2018/07/21,461.39,5795.990000000002,2665757.3499999996,0.6208535320000002,1.2699,1
252,2018/07/22,457.0,5169.71,2394027.52,2.206704062,2.6258,-1
253,2018/07/23,449.73,11768.89,5404493.580000001,2.93557849,3.1676,-1
254,2018/07/24,479.58,15138.019999999999,7103846.079999997,4.995456772000001,11.880799999999999,1
255,2018/07/25,471.33,11699.130000000001,5547067.79,0.562425357,0.06219999999999992,-1
256,2018/07/26,461.98,10386.109999999999,4920088.680000001,0.0,0.0,-1
257,2018/07/27,469.21,10102.069999999998,4684922.180000001,1.667972162,1.7363999999999997,1
258,2018/07/28,469.0,2160.229999999999,1009706.1500000001,0.488008587,0.9567,-1
259,2018/07/29,466.47,2204.25,1028442.5599999999,1.209328691,0.6364,-1
260,2018/07/30,456.97,10719.74,4892642.390000001,0.6491044930000001,2.4897,-1
261,2018/07/31,432.29,16276.380000000001,7090601.78,0.48489224200000003,-0.046499999999999986,-1
262,2018/08/01,420.06,17818.55,7468005.09,0.0,0.0,-1
263,2018/08/02,410.56,14313.31,5954815.229999999,2.5685507530000002,2.8045999999999998,-1
264,2018/08/03,416.91,15210.829999999998,6209972.279999999,0.9211901650000001,0.5102999999999999,1
265,2018/08/04,406.54,10050.619999999999,4122164.47,0.97554536,2.1050999999999997,-1
266,2018/08/05,408.97,7449.34,3029059.22,0.0,0.0,1
267,2018/08/06,404.25,9716.09,3953960.9799999995,0.0,0.0,-1
268,2018/08/07,378.3,22084.43,8700819.42,2.362491417,3.344,-1
269,2018/08/08,355.59,38217.329999999994,13959803.640000004,1.48971462,1.6886999999999996,-1
270,2018/08/09,363.52,30689.31000000001,11058293.100000001,8.455648617999998,14.309499999999998,1
271,2018/08/10,331.63,21295.25,7453618.7,3.1544668560000004,4.2623999999999995,-1
272,2018/08/11,317.5,28984.52,9222618.75,1.5283779259999999,1.0064000000000002,-1
273,2018/08/12,318.08,15797.54,5068227.210000001,3.1635991229999996,5.5313,1
274,2018/08/13,283.95,35376.530000000006,10739356.790000001,0.0,0.0,-1
275,2018/08/14,277.83,93651.36,24682548.68,0.0,0.0,-1
276,2018/08/15,281.17,36888.350000000006,10654712.32,0.0,0.0,1
277,2018/08/16,286.62,26607.61,7707006.74,5.575917578,8.351,1
278,2018/08/17,317.43,38560.06999999999,11620021.98,-0.441604155,-0.5552,1
279,2018/08/18,293.83,28432.109999999997,8484409.530000001,-0.652927402,-0.8583,-1
280,2018/08/19,299.97,15283.590000000004,4543476.9399999995,0.09136278700000011,0.14890000000000003,1
281,2018/08/20,270.85,24070.620000000003,6858707.92,-0.648045207,-0.9118,-1
282,2018/08/21,281.25,17859.54,4946818.11,0.0,0.0,1
283,2018/08/22,269.99,28132.210000000003,7854319.61,2.4354499159999996,3.2618,-1
284,2018/08/23,275.72,17426.28,4778703.61,0.0,0.0,1
285,2018/08/24,280.9,12600.880000000001,3488787.9299999997,0.0,0.0,1
286,2018/08/25,277.99,2568.8399999999997,717109.3799999999,0.0,0.0,-1
287,2018/08/26,274.69,6441.829999999998,1763186.3600000003,1.027897518,1.3884,-1
288,2018/08/27,287.99,12957.620000000003,3604170.36,1.611715984,1.6897000000000002,1
289,2018/08/28,295.9,18066.320000000003,5223906.619999999,5.59943307,8.681500000000002,1
290,2018/08/29,288.34,10750.940000000002,3124396.9300000006,0.4161628650000001,0.9611000000000003,-1
291,2018/08/30,284.21,21610.48,6085859.05,1.7770753170000002,2.3733,-1
292,2018/08/31,281.49,13576.46,3813282.8299999996,1.476325272,1.228,-1
293,2018/09/01,295.45,13507.19,3963848.1600000006,1.512998158,3.3219999999999996,1
294,2018/09/02,294.75,13789.7,4065231.4899999993,0.485446275,0.6249,-1
295,2018/09/03,288.85,14272.199999999995,4126843.81,0.031398803999999975,-0.038599999999999995,-1
296,2018/09/04,285.22,20921.820000000003,6003554.06,1.343426323,1.8902999999999999,-1
297,2018/09/05,227.99,53395.67000000001,13681147.389999997,0.34713724299999993,0.7669,-1
298,2018/09/06,229.03,62118.89,13883562.350000001,1.4739459270000002,1.051,1
299,2018/09/07,214.77,47472.420000000006,10449814.03,2.6292174630000003,3.9972,-1
300,2018/09/08,197.16,51520.35999999999,10496585.48,0.0,0.0,-1
301,2018/09/09,195.8,37329.68000000001,7367237.460000002,0.57171374,0.7713,-1
302,2018/09/10,196.66,44437.23,8631136.770000001,6.988200265,11.0277,1
303,2018/09/11,185.04,83013.95999999999,15473033.21,4.38899986,8.057800000000002,-1
304,2018/09/12,182.78,70517.53000000001,12243949.520000001,2.206644094,3.002,-1
305,2018/09/13,211.31,90544.47,18089297.01,3.7928501509999997,5.839700000000001,1
306,2018/09/14,208.71,72124.26000000001,15423847.420000002,5.2791623759999995,7.3264,-1
307,2018/09/15,221.93,16998.02,3755322.8200000003,6.621763254,12.128200000000001,1
308,2018/09/16,220.08,17787.11,3854901.4400000004,-0.5030899729999998,-0.6689000000000003,-1
309,2018/09/17,196.16,50924.5,10670230.07,0.24006674099999997,0.29919999999999997,-1
310,2018/09/18,208.53,35938.80999999999,7361930.140000001,1.0762878169999999,0.8365,1
311,2018/09/19,209.48,49875.27000000001,10352434.03,2.4630645829999995,4.0809999999999995,1
312,2018/09/20,224.3,36283.32,7783867.16,0.0,0.0,1
313,2018/09/21,247.64,74459.85999999999,17379203.32,0.506636863,0.6597,1
314,2018/09/22,239.93,31193.610000000008,7489333.760000002,3.9916034419999997,5.4492,-1
315,2018/09/23,244.14,19335.649999999998,4684844.12,1.9856959639999998,3.5885000000000002,1
316,2018/09/24,228.05,22921.369999999995,5365375.53,3.277052002,5.736,-1
317,2018/09/25,218.85,43699.619999999995,9326270.490000004,0.866594548,0.37559999999999993,-1
318,2018/09/26,214.42,29637.420000000002,6381531.299999999,5.795496845999999,8.245700000000001,-1
319,2018/09/27,228.58,46089.96000000001,10193571.569999998,4.704331263,7.0935999999999995,1
320,2018/09/28,220.94,40540.759999999995,9110737.59,4.796584716,9.5564,-1
321,2018/09/29,230.56,32806.05,7400428.18,7.570560134000002,15.496899999999997,1
322,2018/09/30,231.96,16082.949999999999,3723681.8999999994,0.20972311600000001,0.5975000000000001,1
323,2018/10/01,229.66,13722.65,3140788.7399999998,-0.6976606429999999,-0.9944,-1
324,2018/10/02,224.83,14497.199999999997,3278403.5300000003,3.9302705439999994,5.0652,-1
325,2018/10/03,218.96,38697.219999999994,8425923.010000002,1.1687772410000004,3.5658999999999996,-1
326,2018/10/04,221.07,18385.7,4093117.4200000004,2.818228381,3.3378000000000005,1
327,2018/10/05,226.73,14379.449999999999,3205683.0000000005,3.763305255,4.0822,1
328,2018/10/06,223.06,9560.61,2140057.13,0.308366664,1.639,-1
329,2018/10/07,224.34,11745.459999999995,2615518.4700000007,0.0,0.0,1
330,2018/10/08,227.79,25183.749999999996,5718144.69,0.0,0.0,1
331,2018/10/09,226.3,13511.660000000002,3059606.0300000003,2.948567589,4.0584,-1
332,2018/10/10,223.38,13550.039999999997,3024431.56,3.9689587600000005,5.6883,-1
333,2018/10/11,188.42,71605.68000000001,14355465.330000004,1.317259869,1.458,-1
334,2018/10/12,194.67,22858.63,4427634.4799999995,1.6999057029999998,2.1052999999999997,1
335,2018/10/13,196.79,13570.900000000001,2673932.66,0.35910445700000004,0.41079999999999983,1
336,2018/10/14,192.01,13545.9,2643907.0100000002,-0.6461079829999999,-0.9081,-1
337,2018/10/15,204.86,103720.61000000003,21170412.620000005,1.042918135,0.5473,1
338,2018/10/16,205.69,30429.719999999998,6217554.479999998,3.773310994,6.5779,1
339,2018/10/17,203.41,29120.26,5943379.87,-0.33782845899999997,-0.4019,-1
340,2018/10/18,199.29,38882.469999999994,7856164.250000002,0.34405608200000004,0.6874,-1
341,2018/10/19,200.08,26749.529999999988,5344344.65,3.7545783959999994,4.5082,1
342,2018/10/20,202.59,18269.02,3701056.0399999996,5.983625565,12.155999999999999,1
343,2018/10/21,202.19,27494.389999999992,5617387.410000001,0.626900535,0.8718,-1
344,2018/10/22,201.23,11504.28,2319051.57,0.0,0.0,-1
345,2018/10/23,200.96,20103.28,4024804.869999999,0.0,0.0,-1
346,2018/10/24,200.67,15650.81,3152241.5300000007,2.717744263,4.341900000000001,-1
347,2018/10/25,199.66,11922.859999999997,2378708.3599999994,2.4175217119999997,3.0194,-1
348,2018/10/26,200.69,18949.889999999996,3807455.9000000004,-0.20400150600000003,0.33,1
349,2018/10/27,201.26,6425.659999999999,1291298.59,4.6030312460000005,6.9197,1
350,2018/10/28,202.44,6449.179999999999,1301562.3199999998,0.5982677949999999,0.6994,1
351,2018/10/29,194.14,20088.410000000003,3948123.8,0.641906516,0.9001,-1
352,2018/10/30,195.3,11520.630000000001,2239544.7600000002,1.7910353389999998,2.5989000000000004,1
353,2018/10/31,196.68,14454.240000000003,2821187.17,4.731721215,5.6381,1
354,2018/11/01,197.73,7295.7,1435281.1,3.417483187,6.166900000000001,1
355,2018/11/02,199.9,9539.34,1899876.8299999996,1.3873019190000002,4.205,1
356,2018/11/03,198.78,5369.440000000001,1067120.7000000002,1.2803727,2.124,-1
357,2018/11/04,210.28,27729.64,5789360.489999999,0.669873109,1.0760999999999998,1
358,2018/11/05,208.81,18906.67,3939148.8299999996,0.42310854299999995,0.0,-1
359,2018/11/06,218.24,36929.15,7877168.75,0.492804209,1.1636,1
360,2018/11/07,216.6,31083.64,6808822.92,3.004925403,4.5588,-1
361,2018/11/08,210.14,22796.379999999997,4857072.699999999,1.991145001,2.4894000000000003,-1
362,2018/11/09,208.05,13251.899999999998,2772477.7199999997,0.0,0.0,-1
363,2018/11/10,210.38,9033.529999999999,1902409.2499999998,0.0448074220000001,-0.00660000000000005,1
364,2018/11/11,210.03,5726.080000000001,1195444.95,0.588897159,0.802,-1
365,2018/11/12,208.83,8446.0,1769090.32,0.0,0.0,-1
366,2018/11/13,203.43,18466.649999999994,3796109.649999999,4.735698574,6.0369,-1
367,2018/11/14,178.04,141671.87000000002,25728416.640000004,2.480566176,4.3408,-1
368,2018/11/15,178.6,87090.26999999999,15159151.04,2.168763136,4.021,1
369,2018/11/16,172.11,41057.33,7211517.749999999,1.001659558,1.5768,-1
370,2018/11/17,172.4,14302.700000000003,2462724.9699999993,3.6362518870000002,4.5293,1
371,2018/11/18,175.99,19080.469999999994,3341732.13,1.8556041890000001,3.2138,1
372,2018/11/19,145.31,167446.47,26060046.53,2.595812963,4.212199999999999,-1
373,2018/11/20,127.36,213254.02000000002,28436168.06,0.0,0.0,-1
374,2018/11/21,134.44,132529.02000000002,17389370.720000003,10.266462160000001,17.4451,1
375,2018/11/22,123.4,49385.78999999999,6435129.960000001,3.8866917700000005,6.703900000000001,-1
376,2018/11/23,121.33,103946.31999999998,12549526.120000001,7.944949228,15.0474,-1
377,2018/11/24,110.26,65552.51999999999,7575895.010000001,2.558740017,3.9475,-1
378,2018/11/25,113.59,153775.99000000002,16620110.83,-0.943963641,-1.2278,1
379,2018/11/26,106.82,128626.56000000001,14157061.479999999,7.446684885999999,13.824300000000003,-1
380,2018/11/27,108.47,93266.16,9760143.799999997,4.208455711,6.3286,1
381,2018/11/28,121.81,130815.98999999999,15186828.790000003,2.278614571,3.9915,1
382,2018/11/29,116.46,76052.18000000001,8993146.86,2.760532677,4.1995000000000005,-1
383,2018/11/30,111.9,58500.81999999999,6625678.590000002,0.0,0.0,-1
384,2018/12/01,116.8,35465.71000000001,4071998.5900000003,7.408806147999999,10.6581,1
385,2018/12/02,114.91,29589.049999999996,3429422.3399999994,3.748495639,5.431500000000001,-1
386,2018/12/03,107.28,56880.03,6216848.000000001,2.775158833,3.8745000000000003,-1
387,2018/12/04,108.8,37740.200000000004,4109004.34,0.077465689,0.1377,1
388,2018/12/05,100.67,97484.81999999999,10168979.05,0.0,0.0,-1
389,2018/12/06,89.16,137644.28,13474890.419999998,0.0,0.0,-1
390,2018/12/07,92.5,237675.43999999997,20804425.35,0.446499289,0.8233999999999999,1
391,2018/12/08,90.07,105438.37000000002,9487885.370000001,0.109543787,-0.7330999999999999,-1
392,2018/12/09,92.63,73663.46000000002,6818981.7,-0.633078654,-0.8834,1
393,2018/12/10,89.27,53990.15000000001,4860115.69,2.167756951,3.4082,-1
394,2018/12/11,86.9,50282.880000000005,4402897.5600000005,5.393773675,7.7055,-1
395,2018/12/12,89.09,41368.22,3677003.54,7.496881931,9.984999999999998,1
396,2018/12/13,85.31,51053.09,4456171.829999999,2.6321375060000003,5.3717999999999995,-1
397,2018/12/14,82.91,74615.33,6244096.1,2.513639077,3.3853999999999997,-1
398,2018/12/15,83.08,18287.269999999997,1511809.9,0.6450261840000001,0.9579,1
399,2018/12/16,83.76,20838.35,1776305.0699999996,0.0,0.0,1
400,2018/12/17,93.98,87185.89,7820357.739999999,0.0,0.0,1
401,2018/12/18,100.89,68453.88,6483436.48,0.917454115,0.6705,1
402,2018/12/19,99.27,146412.01000000004,15139980.67,2.328195764,3.8862000000000005,-1
403,2018/12/20,114.54,151025.63,16536573.010000002,4.0814206980000005,6.2959000000000005,1
404,2018/12/21,107.71,84037.84,9465598.51,1.961863187,2.6871,-1
405,2018/12/22,115.6,28444.95,3163394.05,0.09776171800000001,0.1027,1
406,2018/12/23,129.73,71583.28,9092148.040000001,1.929334556,2.0927000000000002,1
407,2018/12/24,139.0,158798.85999999996,23035958.040000003,0.0,0.0,1
408,2018/12/25,128.81,104262.03,13321742.920000004,1.8565917350000003,3.0746,-1
409,2018/12/26,130.53,67426.98,8761405.48,0.433274809,0.0,1
410,2018/12/27,114.6,69777.0,8448198.39,1.4052667049999998,3.3194999999999997,-1
411,2018/12/28,136.94,91051.98000000001,11600312.040000001,0.0,-0.7390000000000001,1
412,2018/12/29,134.02,67314.52,9242532.540000001,0.0,0.0,-1
413,2018/12/30,138.56,45952.5,6211084.370000002,10.571133308000002,18.916500000000006,1
414,2018/12/31,130.67,34827.15,4673530.19,0.9561407469999998,0.5574,-1
415,2019/01/01,139.75,28500.870000000003,3878124.33,0.6605206779999999,0.6705,1
416,2019/01/02,153.35,48537.96000000001,7177194.130000001,0.0,0.0,1
417,2019/01/03,147.02,36630.15999999999,5440336.56,3.0076749219999996,5.1692,-1
418,2019/01/04,152.98,62279.3,9392620.82,3.1463570400000003,5.3376,1
419,2019/01/05,153.85,44910.490000000005,7046576.749999999,1.637021987,1.1093,1
420,2019/01/06,156.0,46616.79999999999,7166974.56,0.28295008800000004,1.1557,1
421,2019/01/07,150.66,31949.930000000004,4887257.930000001,2.5039716679999997,3.5995999999999997,-1
422,2019/01/08,149.01,41159.89,6160431.950000002,4.917954738,8.170499999999999,-1
423,2019/01/09,149.56,36745.14000000001,5523618.240000001,3.0954287639999998,3.1428,1
424,2019/01/10,126.45,111302.27999999998,14677611.21,1.018293795,2.9988,-1
425,2019/01/11,125.93,61032.030000000006,7671457.97,0.986637353,0.0,-1
426,2019/01/12,124.56,15433.259999999998,1938365.16,0.25702283700000006,2.4236999999999993,-1
427,2019/01/13,115.25,33514.36,3968636.4199999995,1.616290074,2.1191,-1
428,2019/01/14,128.33,58206.729999999996,7196542.139999999,3.1559225079999997,4.353800000000001,1
429,2019/01/15,120.04,63432.04000000001,7947280.569999999,0.72126661,1.4395,-1
430,2019/01/16,122.14,43625.57,5331521.83,3.2070344459999993,8.3117,1
431,2019/01/17,122.52,53843.619999999995,6513276.8100000005,2.6038116650000003,3.66,1
432,2019/01/18,119.35,30260.229999999996,3653629.7699999996,0.0,0.0,-1
433,2019/01/19,123.09,34191.17999999999,4227370.84,0.86961336,1.3134000000000001,1
434,2019/01/20,117.48,31264.359999999997,3727909.2800000003,4.373973247,6.1759,-1
435,2019/01/21,115.86,31172.990000000005,3628024.72,0.8833265190000001,2.0112,-1
436,2019/01/22,118.0,50330.740000000005,5844691.300000001,4.242873310999999,6.2894000000000005,1
437,2019/01/23,116.56,34623.829999999994,4059783.6000000006,-0.27626717,0.0,-1
438,2019/01/24,116.5,37460.28999999999,4326693.41,4.555414428000001,25.1139,-1
439,2019/01/25,114.79,34789.75000000001,4022263.4099999997,1.6052184120000001,7.1,-1
440,2019/01/26,114.95,9891.85,1143403.3300000003,0.0,-0.2732,1
441,2019/01/27,111.33,17330.910000000007,1960508.12,0.0,0.2732,-1
442,2019/01/28,105.47,69204.93000000001,7272386.81,0.0,0.0,-1
443,2019/01/29,104.1,43953.17,4578095.29,0.683034774,0.9392999999999998,-1
444,2019/01/30,107.6,35999.18000000001,3843973.580000001,0.0,0.0,1
445,2019/01/31,105.81,19518.089999999997,2086883.0100000002,0.897555553,1.1098,-1
446,2019/02/01,106.03,56576.18,5937197.659999999,5.072977453,7.016400000000001,1
447,2019/02/02,109.24,21713.940000000002,2324895.71,3.3448229820000006,4.2377,1
448,2019/02/03,105.91,30157.96,3227918.97,1.314695429,2.2674,-1
449,2019/02/04,105.95,36049.23,3830928.7400000007,0.0,0.0,1
450,2019/02/05,106.0,20729.949999999997,2195189.23,3.08009838,5.250800000000001,1
451,2019/02/06,103.32,63445.229999999996,6481035.489999999,1.9385853679999996,2.1647,-1
452,2019/02/07,103.3,31884.28,3305768.1200000006,2.128340831,3.5747999999999998,-1
453,2019/02/08,118.19,86340.01000000001,9635386.68,2.4882516029999997,3.0635,1
454,2019/02/09,117.92,28790.329999999998,3396967.6199999996,2.8558191320000006,4.045100000000001,-1
455,2019/02/10,123.94,38027.62,4496265.960000001,1.597558873,2.4466,1
456,2019/02/11,119.43,70682.84,8471414.91,0.0,0.0,-1
457,2019/02/12,120.93,45614.75,5466468.58,0.859546973,0.3612,1
458,2019/02/13,120.61,52674.9,6396674.420000001,2.30275695,3.6065,-1
459,2019/02/14,119.28,47805.1,5772118.029999999,2.1113393790000003,2.8111,-1
460,2019/02/15,120.45,54459.249999999985,6572877.59,-0.14245396800000001,-0.1531,1
461,2019/02/16,121.68,20838.97,2538865.36,5.180857852999999,9.385499999999999,1
462,2019/02/17,132.28,67865.05,8609252.78,6.978230125,11.235199999999999,1
463,2019/02/18,144.52,149249.34,20963651.46,6.271523353000001,10.2985,1
464,2019/02/19,142.62,89246.35000000003,13021500.16,13.350904689999998,25.1053,-1
465,2019/02/20,147.03,74898.76,10794520.12,2.133532084,3.8258,1
466,2019/02/21,144.3,56775.030000000006,8213401.8599999985,0.663355204,0.399,-1
467,2019/02/22,146.4,86017.12999999999,12527296.7,1.829640054,1.6080999999999999,1
468,2019/02/23,157.42,96848.68000000002,14841895.120000001,0.0,0.9313,1
469,2019/02/24,131.84,147378.27000000002,21635513.05,0.0,0.0,-1
470,2019/02/25,137.63,82953.05,11372356.64,0.21249017299999995,0.3518,1
471,2019/02/26,135.9,54544.71999999999,7394362.920000001,0.0,0.0,-1
472,2019/02/27,134.06,82251.54000000001,10992970.980000002,0.414903435,0.7682,-1
473,2019/02/28,134.34,70901.86,9608610.440000001,3.0492709660000004,4.431,1
474,2019/03/01,134.83,35448.62999999999,4798074.56,0.0,0.0,1
475,2019/03/02,132.19,38225.97000000001,5046582.87,0.0,0.0,-1
476,2019/03/03,129.63,25772.17,3393731.789999999,0.0,0.0,-1
477,2019/03/04,125.16,55433.280000000006,6982620.429999999,0.0,0.0,-1
478,2019/03/05,136.18,62120.28999999999,8235874.199999998,1.1749695880000002,0.8075,1
479,2019/03/06,137.04,39998.89,5464628.380000001,1.133491482,1.7434,1
480,2019/03/07,136.1,49710.27,6802952.4799999995,5.892758203,10.2996,-1
481,2019/03/08,132.8,48099.700000000004,6485208.19,-1.784701289,-2.3777,-1
482,2019/03/09,136.33,31318.53,4261290.42,1.106068,1.3599,1
483,2019/03/10,134.59,17958.36,2420897.7099999995,-0.074365082,-0.0772,-1
484,2019/03/11,131.94,45090.05999999999,5970837.1000000015,0.0,0.0,-1
485,2019/03/12,132.67,35175.24,4636975.43,0.707010814,0.5987,1
486,2019/03/13,131.16,13036.619999999999,1711002.21,-0.721394443,0.3612,-1
487,2019/03/14,131.3,26840.120000000003,3527919.7399999998,1.966533005,1.9581,1
488,2019/03/15,135.77,41508.32000000001,5570384.55,2.5760683579999997,4.388400000000001,1
489,2019/03/16,140.38,41397.049999999996,5813919.720000001,3.2993666839999998,4.7346,1
490,2019/03/17,138.15,24602.449999999997,3397729.8800000004,0.944592514,1.2224000000000002,-1
491,2019/03/18,136.86,39466.65,5425351.21,0.0,0.0,-1
492,2019/03/19,138.08,22557.839999999993,3101408.2,0.0,0.0,1
493,2019/03/20,138.71,22621.670000000002,3108658.9700000007,1.8254287820000001,1.6616,1
494,2019/03/21,134.49,34147.43000000001,4647884.16,0.91892876,1.9998999999999998,-1
495,2019/03/22,135.6,26102.129999999994,3545151.46,-0.546733162,-0.7276,1
496,2019/03/23,136.63,12263.959999999997,1673936.1900000002,0.0,0.0,1
497,2019/03/24,135.29,12456.14,1686910.3799999997,-0.03894762099999999,0.6275,-1
498,2019/03/25,133.28,33100.97,4435336.539999999,1.0049312019999999,0.5354,-1
499,2019/03/26,133.1,30132.43,3994115.9699999997,0.0,0.0,-1
500,2019/03/27,138.97,30664.900000000005,4204614.94,0.0,0.0,1
501,2019/03/28,137.35,23890.120000000003,3284064.4799999995,2.522558275,3.5604000000000005,-1
502,2019/03/29,142.79,34215.01,4788637.209999999,0.0,0.0,1
503,2019/03/30,142.27,38808.270000000004,5556665.94,0.0,0.0,-1
504,2019/03/31,141.02,10100.85,1425850.9999999998,-0.18423638899999997,-0.2023,-1
505,2019/04/01,141.0,39721.89,5619378.36,-0.09201437899999998,-0.5994,-1
506,2019/04/02,164.58,179781.82000000007,27923898.299999993,1.732017186,1.9302000000000001,1
507,2019/04/03,160.89,196372.08,33099482.520000003,3.7451971420000003,4.495500000000001,-1
508,2019/04/04,157.72,111326.82999999997,17717661.410000008,0.074365082,1.5745,-1
509,2019/04/05,166.06,54449.39000000001,8913519.569999998,0.6758484159999999,0.0,1
510,2019/04/06,166.0,41866.96,6960531.909999999,0.0,0.0,-1
511,2019/04/07,174.9,41923.939999999995,7139796.88,0.0,0.0,1
512,2019/04/08,180.72,91552.85999999997,16543431.489999998,0.09243005399999998,0.12549999999999994,1
513,2019/04/09,175.59,65106.72999999999,11529142.46,2.13308972,2.6672000000000002,-1
514,2019/04/10,177.7,80893.40999999999,14500408.870000001,4.256048252,5.686399999999999,1
515,2019/04/11,164.96,67341.24000000002,11271219.24,2.518975604,4.2372000000000005,-1
516,2019/04/12,164.11,56210.460000000014,9238542.34,7.550063939,18.153,-1
517,2019/04/13,163.65,18114.24,2969670.95,12.333473342000001,24.002699999999997,-1
518,2019/04/14,168.0,25243.010000000002,4160848.9800000004,2.2775501689999995,3.9145000000000003,1
519,2019/04/15,159.91,56905.799999999996,9311206.23,0.46115207,0.0,-1
520,2019/04/16,166.52,38535.23,6309870.43,0.0,0.5859,1
521,2019/04/17,166.74,37151.44,6174999.450000001,2.239043623,2.8916,1
522,2019/04/18,174.17,53731.44999999999,9278280.610000001,6.9184851720000005,11.1687,1
523,2019/04/19,173.66,30458.160000000003,5248303.819999999,1.7411153069999998,2.3087,-1
524,2019/04/20,173.5,18828.91,3272994.3000000003,1.097058103,1.1705999999999999,-1
525,2019/04/21,169.87,26715.760000000002,4532270.860000001,1.769468192,3.0221999999999998,-1
526,2019/04/22,171.47,37737.22999999999,6444593.699999999,0.0,0.0,1
527,2019/04/23,170.3,69287.71000000002,12021725.59,0.0,0.0,-1
528,2019/04/24,165.74,70627.47,11684067.139999999,0.685980844,0.8200000000000001,-1
529,2019/04/25,152.0,82295.79,13083939.899999999,3.2221892029999997,4.1895,-1
530,2019/04/26,153.1,64658.72999999999,9819318.330000002,0.0,0.7964,1
531,2019/04/27,155.68,29264.729999999996,4524251.06,1.413612544,1.8336,1
532,2019/04/28,153.13,27662.239999999998,4282879.77,0.709438179,0.8931,-1
533,2019/04/29,152.42,33614.93,5107726.430000001,0.0,0.0,-1
534,2019/04/30,160.06,39828.780000000006,6236635.89,1.0695888109999998,1.8051000000000001,1
535,2019/05/01,158.3,31495.340000000004,5002990.17,1.788891258,2.6998,-1
536,2019/05/02,158.52,23265.079999999998,3679180.8400000003,0.588897159,0.802,1
537,2019/05/03,164.82,69970.42,11500811.430000002,0.8180971349999999,0.5445,1
538,2019/05/04,161.95,57801.270000000004,9367572.93,1.261304069,2.4667000000000003,-1
539,2019/05/05,161.35,25386.690000000002,4080905.1399999997,0.0,0.0,-1
540,2019/05/06,171.21,85969.29000000001,14353670.360000001,0.46115207,0.5859,1
541,2019/05/07,166.15,114664.71000000002,19893232.98,1.5293887659999998,0.5574,-1
542,2019/05/08,169.61,65393.840000000004,10954974.389999999,7.78024332,11.360800000000001,1
543,2019/05/09,170.18,48059.869999999995,8103570.890000001,4.3306550260000005,7.7045,1
544,2019/05/10,172.3,79481.10999999999,13707986.67,2.6453283789999995,5.679500000000001,1
545,2019/05/11,192.0,175770.9,33433828.920000006,0.5301781740000001,0.5866,1
546,2019/05/12,188.26,142728.77,27431147.869999997,1.007018211,1.5749,-1
547,2019/05/13,196.47,134219.13,26476647.86,0.972290362,1.0774,1
548,2019/05/14,217.5,158567.59,33091451.85,1.070190883,1.7496000000000005,1
549,2019/05/15,248.79,169027.32999999996,39499778.730000004,1.002639062,1.4414000000000002,1
550,2019/05/16,264.51,271581.69000000006,70915018.68999998,0.0,0.0,1
551,2019/05/17,244.09,201085.28999999998,47938847.91000001,1.5290311,2.0582,-1
552,2019/05/18,234.03,43368.91,10383143.83,0.0,0.0,-1
553,2019/05/19,261.34,94555.0,24044292.709999993,0.0,0.0,1
554,2019/05/20,252.38,82902.08000000003,20683071.36,0.433274809,0.0,-1
555,2019/05/21,254.77,79133.79,20193720.759999994,2.332897592,3.9170999999999996,1
556,2019/05/22,243.64,90073.80999999998,22613194.17,5.801625992,8.579799999999999,-1
557,2019/05/23,245.79,70346.83999999998,16890147.9,2.6793701380000003,3.894,1
558,2019/05/24,249.65,62644.70999999999,15741382.149999999,-0.5864611740000001,-0.7875999999999999,1
559,2019/05/25,251.95,32954.57,8345272.590000001,2.3960026780000003,3.686,1
560,2019/05/26,268.21,51946.73,13477189.88,0.0,0.0,1
561,2019/05/27,271.79,78270.54,21088299.049999997,0.0,0.0,1
562,2019/05/28,271.0,42169.439999999995,11393998.06,1.600904356,2.1927000000000003,-1
563,2019/05/29,269.29,42713.26999999999,11475270.25,0.422387775,0.5256,-1
564,2019/05/30,254.37,115975.59,31345359.669999994,0.0,0.0,-1
565,2019/05/31,267.07,76425.42000000001,19612910.95,0.4438851119999999,-0.21150000000000013,1
566,2019/06/01,264.56,33251.549999999996,8887031.959999999,3.2078461750000002,5.114700000000001,-1
567,2019/06/02,269.42,29984.15,8083982.849999999,1.149456131,1.5337,1
568,2019/06/03,249.5,58285.45999999999,15087618.129999999,2.4688943660000002,2.6549,-1
569,2019/06/04,240.66,84454.04000000001,20509984.03,2.425141594,4.5373,-1
570,2019/06/05,246.18,36219.99,8829637.67,1.0984261940000002,1.6746000000000003,1
571,2019/06/06,249.46,35865.439999999995,8729638.15,0.0,0.0,1
572,2019/06/07,249.35,37523.37000000001,9343833.990000002,0.0,0.0,-1
573,2019/06/08,244.43,13387.439999999999,3296334.6499999994,2.819714608,3.9250000000000003,-1
574,2019/06/09,231.73,41047.329999999994,9612597.030000001,1.052464554,1.4115,-1
575,2019/06/10,247.81,45937.81,11046068.12,0.0,0.0,1
576,2019/06/11,245.25,34471.82,8380635.339999999,0.8615014440000001,0.3953,-1
577,2019/06/12,262.54,55099.51,13981592.489999998,0.33723248400000005,1.0882,1
578,2019/06/13,255.14,45756.74999999999,11871659.160000002,0.0,0.0,-1
579,2019/06/14,263.71,32537.839999999993,8376996.749999999,-0.13574158500000003,0.19329999999999997,1
580,2019/06/15,269.29,41924.18,11164052.859999998,2.328359358,2.9351,1
581,2019/06/16,268.19,54620.70999999999,14799165.040000001,0.0,0.0,-1
582,2019/06/17,273.94,48515.990000000005,13206038.970000003,0.594762279,0.8126,1
583,2019/06/18,264.24,66608.95,17753776.500000004,1.144983464,1.4009,-1
584,2019/06/19,269.0,35116.82,9378984.42,4.265664569000001,8.721,1
585,2019/06/20,272.01,24265.829999999994,6545244.44,0.36011577,0.3956000000000002,1
586,2019/06/21,295.93,76545.40000000002,21974969.390000004,0.145589846,0.1786,1
587,2019/06/22,308.32,75170.33000000002,22946760.510000005,0.6682388460000002,0.9621999999999999,1
588,2019/06/23,306.39,35865.51999999999,11139479.420000002,0.6657759839999999,0.946,-1
589,2019/06/24,310.98,40545.91,12421813.300000003,0.656658099,-0.20089999999999997,1
590,2019/06/25,316.88,30194.93,9419408.969999999,7.307215292999999,13.6871,1
591,2019/06/26,334.78,160023.08000000002,53972881.26,0.3829824639999999,-0.2677,1
592,2019/06/27,293.57,163007.00000000003,49829230.75999999,2.48786759,4.592999999999999,-1
593,2019/06/28,309.87,65975.0,19894123.009999998,0.0,0.0,1
594,2019/06/29,318.0,52952.32000000001,16129808.870000001,0.0,0.0,1
595,2019/06/30,289.95,54442.23000000001,16440788.419999998,0.0,0.0,-1
596,2019/07/01,293.81,70308.87000000001,20054043.939999998,6.438987801000001,9.860199999999999,1
597,2019/07/02,291.36,74716.29,21008670.610000007,0.469628559,0.5994,-1
598,2019/07/03,301.98,48445.039999999986,14294776.040000001,0.0,0.0,1
599,2019/07/04,282.77,33386.24,9788691.39,0.0,0.0,-1
600,2019/07/05,287.95,48468.59,13959641.6,0.0,0.0,1
601,2019/07/06,287.65,23747.76,6927496.59,0.0,0.0,-1
602,2019/07/07,306.59,41312.649999999994,12360384.29,0.0,0.0,1
603,2019/07/08,313.21,43924.57000000001,13575889.33,-0.16500215099999999,-0.9164,1
604,2019/07/09,307.6,66019.51000000001,20579851.930000003,3.535094606,4.6765,-1
605,2019/07/10,288.73,82527.77000000002,24487226.51,8.620827343,14.313899999999999,-1
606,2019/07/11,269.01,65312.67999999999,17740774.36,2.0860003569999996,3.2798,-1
607,2019/07/12,275.66,39207.44,10714395.3,-0.6432546470000001,0.13329999999999953,1
608,2019/07/13,269.06,27792.4,7483559.530000001,2.9444741129999996,4.607099999999999,-1
609,2019/07/14,225.89,102720.84000000001,24410537.129999995,0.0,0.0,-1
610,2019/07/15,228.65,91567.66999999998,20399876.700000003,4.364877387,11.5991,1
611,2019/07/16,198.44,110190.14000000001,23071170.630000003,8.234643937000001,17.826999999999998,-1
612,2019/07/17,211.47,77380.75000000001,15932975.989999998,0.790319262,1.6059999999999999,1
613,2019/07/18,226.03,54700.27999999999,11988414.07,0.33782845899999997,0.4019,1
614,2019/07/19,221.34,37729.780000000006,8290090.960000001,5.3764903749999995,8.7995,-1
615,2019/07/20,228.66,30788.91,7027170.230000001,2.731252781,4.127000000000001,1
616,2019/07/21,225.28,18006.47,4015229.2499999995,5.283079996000001,8.3043,-1
617,2019/07/22,217.13,42402.26,9298241.16,0.24153341600000003,0.7136,-1
618,2019/07/23,211.96,29596.28,6310503.58,0.387684557,0.5222,-1
619,2019/07/24,216.57,56495.50000000001,11787949.180000002,3.0464494359999996,4.1036,1
620,2019/07/25,219.17,21710.100000000006,4804951.8100000005,0.0,0.0,1
621,2019/07/26,219.21,21607.739999999998,4685417.909999999,0.0,0.0,1
622,2019/07/27,206.88,35797.81,7517504.49,0.530804706,0.7003,-1
623,2019/07/28,211.14,22667.390000000003,4660507.41,0.563424363,0.7762,1
624,2019/07/29,210.81,19892.379999999997,4178814.14,1.4818006869999998,1.8525999999999996,-1
625,2019/07/30,209.81,14993.070000000002,3144499.27,2.827236232,4.2301,-1
626,2019/07/31,218.68,23170.6,4976507.35,3.416125197,4.9182,1
627,2019/08/01,217.72,21094.470000000005,4516885.5200000005,1.285724701,1.6187,-1
628,2019/08/02,217.62,21577.280000000002,4723153.21,0.5408987829999998,0.7195,-1
629,2019/08/03,222.03,13214.21,2933373.0100000002,1.24926046,1.5683,1
630,2019/08/04,223.0,7621.875,1683876.61,0.0,0.0,1
631,2019/08/05,232.92,32110.410000000003,7438641.460000001,0.0,0.0,1
632,2019/08/06,225.92,57300.46,13192105.360000001,4.050788265,5.9745,-1
633,2019/08/07,226.0,39146.0,8827267.159999998,0.0,0.0,1
634,2019/08/08,220.97,70187.45999999999,15527426.84,0.6402193650000001,0.6507999999999999,-1
635,2019/08/09,210.59,42137.26999999999,9006300.07,0.5918893479999999,1.2021,-1
636,2019/08/10,206.46,15711.939999999999,3235656.51,0.0,0.0,-1
637,2019/08/11,216.02,24013.350000000002,5106614.9399999995,0.0,0.0,1
638,2019/08/12,211.18,14895.160000000002,3157702.929999999,0.0,0.0,-1
639,2019/08/13,208.49,30559.179999999997,6345701.900000001,1.130333511,1.1433,-1
640,2019/08/14,186.12,59453.509999999995,11656904.13,2.883565163,4.9642,-1
641,2019/08/15,188.31,88892.51000000001,16248050.450000001,2.487163265,2.9415999999999998,1
642,2019/08/16,185.27,38098.94,6985711.839999999,6.244572176,10.468900000000003,-1
643,2019/08/17,185.51,19830.250000000004,3657241.2899999996,1.609547803,2.1562,1
644,2019/08/18,194.72,26562.950000000004,5090700.300000001,0.0,0.0,1
645,2019/08/19,202.4,41032.49,8176253.09,1.06846381,1.4613,1
646,2019/08/20,196.41,21897.29,4340328.65,2.356631078,3.1165000000000003,-1
647,2019/08/21,187.17,30050.290000000008,5624744.5200000005,3.1186592680000005,4.8732999999999995,-1
648,2019/08/22,190.81,32391.36,6126122.449999999,0.0,0.0,1
649,2019/08/23,194.51,39229.159999999996,7556815.23,0.612082527,0.7525000000000001,1
650,2019/08/24,191.06,9114.096,1729636.7000000004,0.0,0.0,-1
651,2019/08/25,186.45,12263.44,2289230.67,0.0,0.0,-1
652,2019/08/26,188.38,22285.749999999996,4232514.8599999985,0.623689916,0.8658,1
653,2019/08/27,187.45,16961.719999999998,3165982.8800000004,0.679301774,0.9725,-1
654,2019/08/28,172.83,41961.68,7380282.610000001,0.0,0.0,-1
655,2019/08/29,168.92,35128.43,5915249.15,0.0,0.0,-1
656,2019/08/30,168.33,11519.66,1940777.8099999998,0.0,0.0,-1
657,2019/08/31,171.87,6378.06,1078657.6099999999,0.0,0.0,1
658,2019/09/01,171.27,6806.060000000001,1162162.7000000002,0.0,0.0,-1
659,2019/09/02,178.75,14905.806999999995,2625781.54,1.001678482,1.2998000000000003,1
660,2019/09/03,178.91,21869.680000000008,3916654.2299999995,1.26545353,2.5447,1
661,2019/09/04,174.91,19408.06,3439144.33,0.688084386,0.9899,-1
662,2019/09/05,174.62,14054.541000000001,2423901.73,4.2928270269999995,4.8358,-1
663,2019/09/06,169.09,23738.88,4107670.62,0.661942585,2.1860999999999997,-1
664,2019/09/07,178.3,14787.78,2593865.02,0.6807202859999999,0.9753,1
665,2019/09/08,181.48,18341.37,3321366.4199999995,0.0,0.0,1
666,2019/09/09,180.57,20240.849999999995,3664120.4500000007,0.0,0.0,-1
667,2019/09/10,179.76,12195.6,2199231.1999999997,0.0,0.0,-1
668,2019/09/11,178.33,20571.100000000002,3655122.2899999996,0.27626717,0.3182,-1
669,2019/09/12,180.72,8542.748999999998,1528018.7,1.299203822,1.0125,1
670,2019/09/13,181.3,10565.87,1897665.75,2.405661378,3.6459999999999995,1
671,2019/09/14,188.73,14895.149999999998,2737720.6100000003,0.559813889,0.7966000000000002,1
672,2019/09/15,189.54,14365.35,2711689.2399999993,1.1440910119999999,2.895200000000001,1
673,2019/09/16,197.82,48811.819999999985,9495317.31,-0.7207722749999999,-1.5743,1
674,2019/09/17,207.83,89451.98,18131442.810000002,3.8067906160000002,5.716600000000001,1
675,2019/09/18,210.25,45553.51,9706340.149999999,0.4968052009999996,0.9015,1
676,2019/09/19,220.78,58435.340000000004,12378438.399999999,1.9394202120000001,3.7005,1
677,2019/09/20,218.11,33764.63,7336429.259999999,0.7554175059999999,1.1285,-1
678,2019/09/21,214.77,32587.24,7053969.61,0.0,0.0,-1
679,2019/09/22,211.17,32596.639999999996,6859446.4399999995,0.0,0.0,-1
680,2019/09/23,201.04,41939.020000000004,8653985.57,3.0547613410000003,4.3773,-1
681,2019/09/24,166.9,176405.07999999996,31088411.940000005,0.2924545410000002,0.7007999999999998,-1
682,2019/09/25,169.97,48531.65999999998,8155792.739999998,1.058720447,0.7344,1
683,2019/09/26,165.71,77921.90999999999,12698791.72,1.5719839549999999,2.4159000000000006,-1
684,2019/09/27,173.79,61713.48999999999,10322569.639999999,0.0,0.0,1
685,2019/09/28,173.8,25478.789999999997,4419074.899999999,1.8415541629999999,2.3917,1
686,2019/09/29,169.42,20815.459999999995,3515914.75,0.536259425,0.7096,-1
687,2019/09/30,181.34,55631.939999999995,9653824.820000002,0.0,0.0,1
688,2019/10/01,176.2,47029.3,8484202.74,0.0,0.0,-1
689,2019/10/02,180.86,22928.120000000003,4069979.6,1.924709004,1.6853,1
690,2019/10/03,175.02,24580.619999999995,4319619.42,3.2389124309999997,5.827400000000001,-1
691,2019/10/04,176.49,23577.61,4144997.6999999997,0.0,0.0,1
692,2019/10/05,176.63,10735.509,1871810.03,0.0,0.0,1
693,2019/10/06,170.12,23700.64,4080726.9499999993,0.0,0.0,-1
694,2019/10/07,180.23,32314.799999999996,5715385.859999999,0.0,0.0,1
695,2019/10/08,180.73,22906.310000000005,4144405.389999999,0.8585311619999999,1.3887,1
696,2019/10/09,193.18,56852.91,10696782.93,1.657347218,2.06,1
697,2019/10/10,191.64,20692.21,3955549.4300000006,0.22314355100000002,0.25,-1
698,2019/10/11,180.84,57502.88999999999,10668886.899999999,2.989935588,3.6912999999999996,-1
699,2019/10/12,180.02,14326.359999999997,2601987.42,1.5352065010000002,3.4020000000000006,-1
700,2019/10/13,181.18,13778.970000000003,2512237.6500000004,0.0,0.0,1
701,2019/10/14,186.74,18627.030000000002,3433580.3499999996,0.0,0.0,1
702,2019/10/15,180.67,38920.99000000001,7080556.54,0.0,0.0,-1
703,2019/10/16,174.75,23464.729999999996,4132261.9200000004,0.9793660139999999,1.4421,-1
704,2019/10/17,177.51,20128.53,3555016.1400000006,1.711133748,2.3185000000000002,1
705,2019/10/18,173.21,28940.899999999998,4988345.649999999,0.308366664,0.3612,-1
706,2019/10/19,172.08,12433.570000000002,2147849.16,0.0,0.0,-1
707,2019/10/20,175.62,13462.259999999998,2321350.36,0.0,0.0,1
708,2019/10/21,174.24,29318.879999999997,5119804.049999999,0.0,0.0,-1
709,2019/10/22,171.29,12238.9,2123342.52,2.5207425989999996,3.3905,-1
710,2019/10/23,162.49,58624.299999999996,9399731.620000001,0.0,0.0,-1
711,2019/10/24,160.66,30456.699999999993,4899893.909999999,1.30410769,2.6844,-1
712,2019/10/25,181.51,55616.450000000004,9860756.19,4.925436765000001,6.9923,1
713,2019/10/26,179.93,61819.70999999999,11561442.039999997,0.546327894,0.7269,-1
714,2019/10/27,184.34,20108.649999999998,3689282.849999999,0.0,0.0,1
715,2019/10/28,181.98,30477.190000000006,5606702.470000001,0.0,0.0,-1
716,2019/10/29,190.95,39975.46,7516302.999999999,0.0,0.0,1
717,2019/10/30,183.31,28814.199999999997,5318063.039999998,1.3142870899999999,1.7167999999999999,-1
718,2019/10/31,182.69,26791.83,4876641.44,0.0,0.0,-1
719,2019/11/01,183.42,19320.02,3501690.140000001,0.0,0.0,1
720,2019/11/02,182.72,5148.780000000001,945147.1599999999,0.0,0.0,-1
721,2019/11/03,181.57,4947.990999999999,895967.0099999998,0.0,0.0,-1
722,2019/11/04,186.31,13152.37,2449287.49,0.0,0.0,1
723,2019/11/05,188.68,25726.119999999995,4842423.55,0.485446275,0.6249,1
724,2019/11/06,191.14,16394.059999999998,3133709.8000000003,0.0,0.0,1
725,2019/11/07,186.23,10332.61,1936233.06,0.0,0.0,-1
726,2019/11/08,183.88,23209.920000000002,4257563.760000001,0.0,0.0,-1
727,2019/11/09,185.04,5816.52,1070947.01,0.0,0.0,1
728,2019/11/10,188.99,11190.909999999998,2109871.5700000003,1.068007572,1.4533,1
729,2019/11/11,184.39,11736.020000000002,2181577.6399999997,0.0,0.0,-1
730,2019/11/12,186.73,11199.6,2070911.7599999998,0.0,0.0,1
731,2019/11/13,187.75,9122.08,1708111.5799999996,0.02709239400000002,0.4404,1
732,2019/11/14,184.45,11650.317,2152558.92,2.7005962429999997,3.196,-1
733,2019/11/15,179.82,21867.036000000004,3965978.08,0.485446275,0.6249,-1
734,2019/11/16,182.33,6070.145000000001,1103675.8300000003,0.0,0.0,1
735,2019/11/17,183.85,4373.68,802094.46,0.0,0.0,1
736,2019/11/18,177.86,12991.740000000002,2331779.0,0.0,0.0,-1
737,2019/11/19,175.65,16181.77,2827570.0100000002,3.3716363140000003,4.794899999999999,-1
738,2019/11/20,174.23,9957.839,1744087.2699999998,2.0167640369999997,3.0039999999999996,-1
739,2019/11/21,160.9,38041.26000000001,6261085.529999999,0.26438583399999993,0.45209999999999995,-1
740,2019/11/22,150.17,91617.23000000003,13797464.299999999,0.0,0.0,-1
741,2019/11/23,152.34,8416.449999999999,1268367.4699999997,0.0,0.0,1
742,2019/11/24,139.79,15312.980000000001,2226423.49,0.0,0.0,-1
743,2019/11/25,145.94,91709.03,12940833.01,0.0,0.0,1
744,2019/11/26,147.77,22144.27,3243874.6799999997,0.0,0.0,1
745,2019/11/27,152.64,62566.979999999996,9262285.819999998,0.0,0.0,1
746,2019/11/28,150.96,19258.159999999996,2923244.6099999994,0.0,0.0,-1
747,2019/11/29,154.6,21941.829999999998,3381823.0200000005,0.323386997,0.3818,1
748,2019/11/30,151.65,9481.330000000002,1441894.4600000002,-0.379425995,-0.6308000000000002,-1
749,2019/12/01,151.13,8959.609999999999,1333786.9599999997,-0.574598755,-0.7663000000000001,-1
750,2019/12/02,149.04,7135.529999999999,1059610.9600000002,0.0,0.0,-1
751,2019/12/03,147.38,11106.480000000001,1640256.28,1.3202378370000003,2.3828,-1
752,2019/12/04,145.46,23895.08,3528037.75,-1.025248286,-1.5238,-1
753,2019/12/05,147.99,13770.9,2016213.51,-0.10623118000000013,-0.20250000000000024,1
754,2019/12/06,148.49,15950.780000000002,2358240.81,3.2773825730000006,4.4973,1
755,2019/12/07,147.31,4143.01,614212.0799999998,0.0,0.0,-1
756,2019/12/08,150.62,6733.518,1009404.67,2.314574374,3.3000999999999996,1
757,2019/12/09,147.36,13230.810000000001,1972961.0200000003,1.0656815659999999,1.3377,-1
758,2019/12/10,145.64,15409.279999999999,2250446.37,0.0,0.0,-1
759,2019/12/11,143.2,7134.98,1029504.2700000001,2.741721189,4.1506,-1
760,2019/12/12,144.74,20091.24,2864899.409999999,3.9912317680000005,5.599200000000001,1
761,2019/12/13,144.59,15137.357,2181388.0000000005,2.0781374159999997,1.8979,-1
762,2019/12/14,141.64,5665.0700000000015,806112.9199999999,0.47797873399999996,1.7539,-1
763,2019/12/15,142.33,8823.399999999998,1254826.69,0.0,0.0,1
764,2019/12/16,132.29,48678.36,6567630.5200000005,0.0,0.0,-1
765,2019/12/17,121.78,48569.29,6143874.08,0.60273001,0.8271,-1
766,2019/12/18,132.94,55401.17000000001,6910535.58,0.0,0.0,1
767,2019/12/19,128.15,38878.64000000001,4958836.96,0.0,0.0,-1
768,2019/12/20,128.28,18170.750000000004,2311782.68,-0.41979431299999986,-0.6421,1
769,2019/12/21,127.11,6769.959,861986.9800000001,0.0,0.0,-1
770,2019/12/22,132.28,13919.884999999998,1817430.5899999999,0.0,0.0,1
771,2019/12/23,128.11,20694.61,2722358.3700000006,0.0,0.0,-1
772,2019/12/24,127.74,7481.529999999999,956739.4799999999,2.4415926580000002,3.7269,-1
773,2019/12/25,124.97,12517.81,1559656.1199999999,24.39542481199999,58.2818,-1
774,2019/12/26,125.43,15307.385000000002,1947841.9299999997,3.21464516,6.3056,1
775,2019/12/27,126.31,9552.750000000002,1192925.7600000002,2.057952922,2.7273,1
776,2019/12/28,127.73,3245.513,414139.5799999999,0.559958586,0.7506,1
777,2019/12/29,134.25,13743.99,1826149.6700000002,1.507775034,0.9321,1
778,2019/12/30,131.05,8088.669999999999,1068855.8199999998,3.9574348670000004,7.2462,-1
779,2019/12/31,128.63,14849.539999999999,1930397.7500000002,0.433274809,0.5423,-1
780,2020/01/01,130.27,9263.159999999998,1210406.9,0.0,0.0,1
781,2020/01/02,126.76,14036.96,1805954.8699999999,0.28282005199999993,0.4283,-1
782,2020/01/03,133.89,33830.20999999999,4428329.709999999,1.0686470479999999,1.4266999999999999,1
783,2020/01/04,133.85,8324.232999999998,1110753.55,0.0,0.0,-1
784,2020/01/05,134.94,6286.349999999999,856024.3,0.0,0.0,1
785,2020/01/06,144.37,28594.18,4032349.08,0.8664195960000001,0.0,1
786,2020/01/07,143.0,17039.750000000004,2433875.36,1.314895911,2.2579000000000002,-1
787,2020/01/08,140.48,41734.19,5881880.0600000005,0.0,0.0,-1
788,2020/01/09,137.92,23551.989999999998,3260269.8500000006,0.0,0.0,-1
789,2020/01/10,144.73,20791.109999999997,2929528.63,0.470436713,0.6615,1
790,2020/01/11,142.63,9947.07,1436109.81,2.1267522230000004,2.8047,-1
791,2020/01/12,146.28,4319.417,623306.28,0.9085548179999999,1.2031999999999998,1
792,2020/01/13,143.51,14097.784000000003,2020082.4900000002,0.0,0.0,-1
793,2020/01/14,165.93,76002.20000000001,11943928.420000002,1.153456086,1.3767,1
794,2020/01/15,166.26,53765.40000000001,8884630.609999998,0.6786424940000001,0.9712,1
795,2020/01/16,164.09,32297.640000000003,5238090.680000001,2.701663066,3.5198,-1
796,2020/01/17,169.62,36387.659999999996,6171714.319999998,0.0,0.0,1
797,2020/01/18,174.24,23068.03,4003559.09,0.0,0.0,1
798,2020/01/19,166.72,21710.19,3643459.7399999998,0.0,0.0,-1
799,2020/01/20,166.65,25280.710000000006,4175271.8500000006,0.0,0.0,-1
800,2020/01/21,169.35,25536.589999999997,4278217.69,0.46115207,0.0,1
801,2020/01/22,167.81,14719.9,2472833.04,0.03804352700000008,0.6451,-1
802,2020/01/23,162.51,15319.610000000002,2488706.3099999996,1.949375562,2.5835,-1
803,2020/01/24,162.15,50015.82,7995308.55,0.0,0.0,-1
804,2020/01/25,160.54,3852.121,616161.22,0.0,0.0,-1
805,2020/01/26,167.65,7709.402999999999,1263978.89,0.0,0.0,1
806,2020/01/27,169.73,19627.199999999997,3315516.0900000003,-0.656171944,-0.9274,1
807,2020/01/28,175.8,28602.320000000007,4924607.209999999,0.0,0.0,1
808,2020/01/29,173.45,12447.679999999998,2196334.7000000007,-0.364920853,-0.4404,-1
809,2020/01/30,184.3,28016.339999999997,5007035.4399999995,2.164997001,2.7994,1
810,2020/01/31,179.84,31905.559999999994,5727865.780000001,0.0,0.0,-1
811,2020/02/01,183.51,10707.08,1954138.82,0.0,0.0,1
812,2020/02/02,188.16,24383.930000000004,4599315.25,0.0,0.0,1
813,2020/02/03,189.66,21746.62,4126088.05,0.0,0.0,1
814,2020/02/04,188.15,24514.88,4575215.94,0.0,0.0,-1
815,2020/02/05,203.54,37437.28999999999,7455949.87,3.436332159,10.7257,1
816,2020/02/06,213.09,38877.469999999994,8140753.569999999,6.213416378,15.8432,1
817,2020/02/07,223.43,44944.26999999999,9881553.370000001,1.719073345,2.2967,1
818,2020/02/08,223.2,22896.16,5117143.27,-0.12029748499999995,-0.16270000000000007,-1
819,2020/02/09,228.42,37340.03999999999,8506469.25,0.0,0.0,1
820,2020/02/10,222.74,31986.469999999998,7097092.820000001,2.3445042569999996,2.7205,-1
821,2020/02/11,237.95,43291.62,9968465.66,-0.24962921799999996,0.7334,1
822,2020/02/12,266.42,70390.14,18194885.69,2.050890934,2.7268,1
823,2020/02/13,268.94,73512.31,19476994.49,0.0,0.0,1
824,2020/02/14,285.96,49082.009999999995,13468428.33,0.27626717,0.3182,1
825,2020/02/15,264.67,46519.009999999995,12796909.089999998,1.6853545419999998,1.3724,-1
826,2020/02/16,258.89,40568.14,10467469.000000002,2.591274512,4.9322,-1
827,2020/02/17,268.3,45087.18999999999,11341613.75,2.0886406199999996,3.6012999999999993,1
828,2020/02/18,281.87,55006.05999999999,15149826.75,0.92659194,1.1846999999999999,1
829,2020/02/19,258.57,47682.24,13047404.99,0.0,0.0,-1
830,2020/02/20,257.42,43814.36000000001,11146940.93,0.0,0.0,-1
831,2020/02/21,265.71,37646.27,9909328.83,0.0,0.0,1
832,2020/02/22,262.13,15758.119999999999,4112395.5100000007,0.0,0.0,-1
833,2020/02/23,275.66,21398.179999999997,5795710.249999998,0.0,0.0,1
834,2020/02/24,266.04,26262.950000000004,6993142.590000001,0.0,0.0,-1
835,2020/02/25,246.58,44103.200000000004,11145338.95,0.0,0.0,-1
836,2020/02/26,223.76,96974.76999999999,22382446.72,0.0,0.0,-1
837,2020/02/27,227.23,62606.47,14144962.079999996,0.0,0.0,1
838,2020/02/28,227.26,38953.17,8749134.669999998,0.0,0.0,1
839,2020/02/29,217.63,17738.49,4003142.7999999993,-0.07337835800000003,-0.1372,-1
840,2020/03/01,217.34,32911.95,7199096.699999999,0.506636863,0.6597,-1
841,2020/03/02,231.97,42712.83000000001,9661315.049999999,0.0,0.0,1
842,2020/03/03,223.46,48628.64000000001,11024041.95,0.0,0.0,-1
843,2020/03/04,224.52,20732.319999999996,4654528.71,0.0,0.0,1
844,2020/03/05,228.81,60978.33,14027771.509999998,1.321047309,1.7322000000000002,1
845,2020/03/06,245.52,52598.13,12475286.979999999,0.0,0.0,1
846,2020/03/07,237.54,27900.120000000003,6793314.96,0.0,0.0,-1
847,2020/03/08,199.38,65388.049999999996,14245383.000000002,0.0,0.0,-1
848,2020/03/09,202.93,111388.82999999999,22244719.900000002,3.1882503250000003,3.7453,1
849,2020/03/10,200.39,62621.310000000005,12606869.610000001,1.102228144,1.6192,-1
850,2020/03/11,194.57,81751.96,15782918.44,4.147878276000001,7.1906,-1
851,2020/03/12,109.42,343137.41000000003,49344660.690000005,1.7012547610000002,2.2248,-1
852,2020/03/13,135.45,397258.1400000001,47071632.34999999,-0.09252452500000008,0.5851999999999999,1
853,2020/03/14,122.43,80715.62999999999,10387073.99,1.971179803,2.6512,-1
854,2020/03/15,123.55,128402.08,16024645.500000002,0.0,0.0,1
855,2020/03/16,111.04,167022.61999999997,18353638.270000003,4.137342778,6.027200000000001,-1
856,2020/03/17,115.91,69740.64000000001,8200553.58,0.0,0.0,1
857,2020/03/18,118.63,87672.93000000001,10075324.48,3.828757835,5.6381000000000006,1
858,2020/03/19,136.75,127650.14000000001,16536609.25,0.6633578520000001,0.9413,1
859,2020/03/20,133.5,153435.27,21365892.49,0.0,0.0,-1
860,2020/03/21,132.65,71549.57,9379944.919999998,0.0,0.0,-1
861,2020/03/22,122.47,53577.55999999999,6824379.18,0.0,0.0,-1
862,2020/03/23,136.54,71195.68000000001,9214592.009999998,0.0,0.0,1
863,2020/03/24,139.12,103407.75000000003,14336324.5,0.0,0.0,1
864,2020/03/25,136.42,63452.33999999999,8708136.640000002,0.0,0.0,-1
865,2020/03/26,138.97,47945.36,6505414.34,0.0,0.0,1
866,2020/03/27,131.43,50317.219999999994,6866928.019999998,0.0,0.0,-1
867,2020/03/28,131.35,48311.97000000001,6223879.920000001,0.0,0.0,-1
868,2020/03/29,124.59,44183.67,5576314.899999999,0.0,0.0,-1
869,2020/03/30,132.36,34805.26000000001,4578555.6899999995,0.0,0.0,1
870,2020/03/31,133.14,23130.879999999997,3078382.9700000007,0.0,0.0,1
871,2020/04/01,132.02,15265.37,2020443.9099999997,0.0,0.0,-1
